DistributorID,Distributor name,Distributor Type,Company Name,Development level,Level,Country No.(GJ),Country code,Stockist code,Status,Joining period,Date of Birth,Email,Address,Office Phone,National Id No,Passport No.,Post Code,City,Mobile,Sponsor ID,Sponsor name,Sponsor Office Phone,Placement ID,Placement Name,Bank Account Number,"Name Of Bank	",Branch of Bank,"Bank Account Name	",Tax Number
83921174,Joselind Agusta Pratama,4382,,,0,22,AU,AU800000,Right,201901,1996-08-04,pratamajoselind13@gmail.com,,,,,,,,83920000,Tiens Bio Tech Australia Pty Ltd,,83920000,Tiens Bio Tech Australia Pty Ltd,,,,,
83921173,DORIS HUANCA,4382,,The silver card,5,22,AU,AU800000,Right,201901,2000-05-02,doris_lucila@outlook.es,,,,,2134,Burwood ,0401642321,90352660,ZUASNABAR   SOTO   DORIS  LIDA,,90352660,ZUASNABAR   SOTO   DORIS  LIDA,5217291844686082,commonwealth bank,,Doris huanca,
83921167,Shammi  Doda,4382,,,0,22,AU,AU800000,Right,201812,1980-06-12,shammigrover2502@gmail.com,,,,,,,,83920000,Tiens Bio Tech Australia Pty Ltd,,83920000,Tiens Bio Tech Australia Pty Ltd,,,,,
83921162,ROBIN CHOPRA,4382,,,4,22,AU,AU800000,Right,201810,1982-09-17,robinchopra80@gmail.com,61 fairmount boulevard brabham,,,,6055,Robin chopra, 61450262407,78871352,NEERU GUPTA,,78871352,NEERU GUPTA,10293540,Commanwealth Bank,,Robin chopra,
83921158,SHAINI DOGRA,4382,,,4,22,AU,AU800000,Right,201809,1985-09-07,shainidogra@yahoo.com.au,4,,,,2745,Glenmore Park,0481855990,93595339,CHARANJIT KAUR,,93595339,CHARANJIT KAUR,10354275,Comman wealth bank,,Shaini Dogra,
83921140,DAN ZHENG,4382,,,4,22,AU,AU800000,Right,201805,1943-09-24,069024@gmail.com,,,,,3129,Box Hill North ,0422890282,83921038,CHUN DE & DAN YUE CHEN & ZHANG,,83921135,YIWEN GUO,187757,westpac,,Dan ZHENG,
83921138,JIE YI SHI,4382,,The silver card,5,22,AU,AU800000,Right,201804,1958-12-27,aqbs168@gmail.com,44,,,,4116,Calamvale,043453286,83921038,CHUN DE & DAN YUE CHEN & ZHANG,,83921136,YINGHAO HO,20842855,Bank of QLD,,Jie yi Shi,
83921136,YINGHAO HO,4382,,The silver card,5,22,AU,AU800000,Right,201803,1980-04-10,Lawerance0410@hotmail.com,,,,,4069,Chapel Hill,0421250055,83921038,CHUN DE & DAN YUE CHEN & ZHANG,,83921117,HERU SANTOS,11598618,CBA,,Ying Hao Ho,
83921132,BENJIAN SHAO,4382,,,4,22,AU,AU800000,Right,201803,1956-12-21,1958645210@qq.com,222,,,,4006,FORTITUDE VALLEY,0434627678,83921038,CHUN DE & DAN YUE CHEN & ZHANG,,83921131,RUIBAO CHEN,414384,WESTPAC,,Bejian Shao,
83921116,GETACHEW MENWAGAW,4382,,,4,22,AU,AU800000,Right,201711,1966-03-14,ethiogwm@hotmail.com,4,,,,4303,Dinmor,0423965138,83921113,ALEM ABRHA,,83921113,ALEM ABRHA,647228,westpac,,Getachew  Menwagaw,
83921166,MONICA ESTRADA ESTRADA,4382,,,4,22,AU,AU800000,Right,201812,1961-10-26,estra2mo@yahoo.com,,,,,6149,Perth,61413131825,90930605,LILIANA ANDREA ZAPATA MONTOYA,,90930605,LILIANA ANDREA ZAPATA MONTOYA,267931701,ANZ Bank,,Monica Estrada,
83921159,??? ?,4382,,,4,22,AU,AU800000,Right,201809,1983-01-08,7621020@gmail.com,111/712,,,, 3128,???,0412503688,85358091,???,,85358091,???,no,no,,no,
83921130,KINGL Y G LANGE,4382,,,4,22,AU,AU800000,Right,201803,1966-05-31,botongnews@126.com,,,,,3124,CAMBERWELL,0433266658,83921038,CHUN DE & DAN YUE CHEN & ZHANG,,83921129,XIN PIN,10285241,CBA,,Kingl Y R LANGE,
83921122,ANG THIAM HOOI,4382,,,4,22,AU,AU800000,Right,201712,1961-06-07,1touchacatel@gmail.com,,,,,3171,Springvale,60164770301,96810444,Failure of renewal,,96810444,Failure of renewal,11025652,Commonwealth Bank,,ANG CHONG SHENG,
83921175,DANIEL ASSEFAW BERHE,4382,,,0,22,AU,AU800000,Right,201902,1979-03-10,dberhe607@gmail.com,7,,,,3031,kensington,0498388171,90624809,SEMIRA BERHE,,90624809,SEMIRA BERHE,224121071,ANZ Bank,,daniel assefaw berhe,
83921172,MONICA ESTRADA ESTRADA,4382,,The silver card,5,22,AU,AU800000,Right,201812,1961-10-26,moes155@yahoo.com,B,,,,6149,Bull Creek, 61413131825,90930605,LILIANA ANDREA ZAPATA MONTOYA,,90930605,LILIANA ANDREA ZAPATA MONTOYA,016376,ANZ,,Monica Estrada,
83921170,MEHARI ZEGERGISH,4382,,,4,22,AU,AU800000,Right,201812,1990-12-31,Zegii_Master@yahoo.com,19,,,,3030,Derrimut ,0432350581,83921165,ERMIAS GEBREMARIAM,,83921165,ERMIAS GEBREMARIAM,10903366,Commonwealth,,Mehari zegergish,
83921161,Iwam Gunawan,4382,,,0,22,AU,AU800000,Right,201810,1995-10-16,gunawaniwan26@yahoo.com,,,,,,,,83920000,Tiens Bio Tech Australia Pty Ltd,,83920000,Tiens Bio Tech Australia Pty Ltd,,,,,
83921156,Abdullah Fataki,4382,,,0,22,AU,AU800000,Right,201809,1998-06-10,fatakiasha@yahoo.com.au,,,,,,,,83920000,Tiens Bio Tech Australia Pty Ltd,,83920000,Tiens Bio Tech Australia Pty Ltd,,,,,
83921135,YIWEN GUO,4382,,,4,22,AU,AU800000,Right,201803,1946-09-23,gywuhn1946@163.com,,,,,4060,ASHGROVE ,0422898661,83921038,CHUN DE & DAN YUE CHEN & ZHANG,,83921134,AIYING LI,603361330,Yiwen Guo,,Yiwen Guo,
83921129,XIN PIN,4382,,,4,22,AU,AU800000,Right,201803,1984-01-24,panxin0794@hotmail.com,66,,,,4116,Calamvale,0433763628,83921038,CHUN DE & DAN YUE CHEN & ZHANG,,83921050,YIHUI LU,744077780,XIN PAN,,XIN PAN,
83921124,NIPUN BARUA,4382,,The silver card,5,22,AU,AU800000,Right,201801,1978-12-31,barua_bus01@yahoo.com.au,,,,,3337,Harkness,0400106208,73198810,Failure of renewal,,73198810,Failure of renewal,10229113,Commonwealth Bank,,Nipun Barua,
83921123,SUSILA MURUGESAN,4382,,,4,22,AU,AU800000,Right,201712,1949-11-25,susilamurugesan@yahoo.com,,,,,NSW 2162,CHESTER HILL, 61450594282,78865854,Failure of renewal,,78865854,Failure of renewal,143186068,NAB NATIONAL AUSTRALIANBANK LTD,,Murugesan,
83921120,ALEMTSHAY FEYESA,4382,,,4,22,AU,AU800000,Right,201711,1985-03-01,Saraalex2017@gmail.com,76,,,,4300,Goodna,0413017424,83921114,ARSEMA ASRES,,83921114,ARSEMA ASRES,123456,common wealth,,alemtsehay,
83921152,LIL RODRIGUEZ,4382,,,4,22,AU,AU800000,Right,201808,1982-05-18,lirs2007@gmail.com,,,,,Leumeah,Leumeah, 61421988554,90331336,RODRIGUEZ SERNA JORGE ELIEZER,,90331336,RODRIGUEZ SERNA JORGE ELIEZER,33109578,ING Bank,,Lil Rodriguez Serna,
83921145,SAVILINE CHINYADZA,4382,,,4,22,AU,AU800000,Right,201806,1966-05-31,savilcee@hotmail.com,3,,,,6163,SPEARWOOD.Perth.,0449845415,82519939,CHINYANZA SAYILINE,,82519939,CHINYANZA SAYILINE,14759143,Commonwealth,,Commonwealth,
83921143,BRONWYN REILLY,4382,,,4,22,AU,AU800000,Right,201806,1958-09-18,Bronwyn.reilly@optusnet.com.au,,,,,4152,Carindale,0412099148,83921142,CHENXI HONG,,83921142,CHENXI HONG,3230,CRU,,Bronwyn Reilly,
83921118,ANYIER AKOL,4382,,,4,22,AU,AU800000,Right,201711,1990-01-26,nyotadarling@gmail.com,,,,,3029,Truganina,0405662527,83921111,ABEL DAMTE,,83921111,ABEL DAMTE,10768515,CBA,,Miss Anyier Akol,
83921153,Norimey Yusoff,4382,,,0,22,AU,AU800000,Right,201808,1982-01-10,Imintara@yahoo.com,,,,,,,,83920000,Tiens Bio Tech Australia Pty Ltd,,83920000,Tiens Bio Tech Australia Pty Ltd,,,,,
83921151,YI KANG KERRY ZHANG,4382,,Platinum card,5,22,AU,AU800000,Right,201807,1997-10-21,winalitejeffrey@yahoo.com.au,,,,,4077,Doolandella,0469288582,83921038,CHUN DE & DAN YUE CHEN & ZHANG,,83921046,GEORGE QI OUYANG,12347794,ANZ,,Dan Yue Zhang,
83921128,AINA ABDUL,4382,,,4,22,AU,AU800000,Right,201803,1993-03-01,Aina.abdul1993@gmail.com,house,,,,1070,Belgium,0032487807676,73160513,SYED UMAR SHAH,,73160513,SYED UMAR SHAH,BE45363087809389,ING Bank,,ING belgium,
83921164,BEREKET SEMERE,4382,,Platinum card,6,22,AU,AU800000,Right,201810,1979-01-01,bereket2008s@yahoo.com,,,,,3068,Melbourne,0431168175,80492704,YEMANE SEMERE,,80492704,YEMANE SEMERE,261700793,ANZ,,Bereket semere,
83921163,Helena Vrsaljko,4382,,,0,22,AU,AU800000,Right,201810,1982-03-16,helena_vrsaljko@yahoo.com,,,,,,,,83920000,Tiens Bio Tech Australia Pty Ltd,,83920000,Tiens Bio Tech Australia Pty Ltd,,,,,
83921154,zefanya simandjuntak,4382,,,0,22,AU,AU800000,Right,201808,1996-09-09,vanyasj09@yahoo.com,,,,,,,,83920000,Tiens Bio Tech Australia Pty Ltd,,83920000,Tiens Bio Tech Australia Pty Ltd,,,,,
83921157,HARMAN DEEP,4382,,,4,22,AU,AU800000,Right,201809,1984-10-08,Harman.bajwa786@gmail.com,U 15,,,,4211,Queensland, 61450051441,73150956,PINKI YADAV,,73150956,PINKI YADAV,10448779,Commanwealth Bank,,Harman Deep,
83921142,CHENXI HONG,4382,,The gold card,5,22,AU,AU800000,Right,201805,1970-03-19,2496126140@qq.com,,,,,4116,Calamvale,0405707353,83921044,YAN HONG,,83921044,YAN HONG,10088342,CBA,,Chenxi Hong,
83921137,LORELEI ARELLANO,4382,,The silver card,5,22,AU,AU800000,Right,201803,1974-06-30,lca2234@yahoo.com,,,,,4702,Gracemere,0435930765,87776310,Failure of renewal,,87776310,Failure of renewal,617252,Westpac,,Lorelei Arellano,
83921133,AN DONG ZHU,4382,,,4,22,AU,AU800000,Right,201803,1960-08-05,t.run@hotmail.com,,,,,4007,ASCOT,0414751800,83921038,CHUN DE & DAN YUE CHEN & ZHANG,,83921132,BENJIAN SHAO,10482194,CBA,,An Dong Zhu,
83921131,RUIBAO CHEN,4382,,,4,22,AU,AU800000,Right,201803,1954-04-02,peter02041954@gmail.com,,,,,4018,FITZGIBBON,0406983675,83921038,CHUN DE & DAN YUE CHEN & ZHANG,,83921130,KINGL Y G LANGE,13930226,CBA,,RUIBAO CHEN & DEFANG QIN,
83921127,? ?,4382,,The gold card,5,22,AU,AU800000,Right,201801,1970-01-14,fq100009@live.cn,709/380 little lonsdale st,,,,3000,Melbourne,0449287897,83921020,NIANYU ZHANG,,83921020,NIANYU ZHANG,13379506,Commbank,,Qing fang,
83921126,JING GUO,4382,,,4,22,AU,AU800000,Right,201801,1989-01-02,tranquil.jing@gmail.com,3,,,,2067,CHATSWOOD,0406270055,83920102,Emma Li,,83921125,DUANYANG LI,10752761,commonwealth bank,,JING GUO,
83921121,RIDWAN MUBARAK,4382,,,4,22,AU,AU800000,Right,201711,1991-03-07,ridwan29@hotmail.com,,,,,3030,Werribee,0413609516,98646181,SHABAN YUSUF JAMA,,98646181,SHABAN YUSUF JAMA,10094297,Commonwealth Bank,,Ridwan Abdirahman Mubarak ,
83921171,MONICA ESTRADA ESTRADA,4382,,,4,22,AU,AU800000,Right,201812,1961-10-26,monicaestrada828@gmail.com,Bull Creek,,,,6149,Perth,61413131825,90930605,LILIANA ANDREA ZAPATA MONTOYA,,90930605,LILIANA ANDREA ZAPATA MONTOYA,267931701,,,Monica Estrada,
83921141,BILL LEI JIANG,4382,,The silver card,5,22,AU,AU800000,Right,201805,1973-07-22,billjiang617@hotmail.com,,,,,2153,Baulkham Hill,0433273539,83921038,CHUN DE & DAN YUE CHEN & ZHANG,,83921139,WEIQING CHEN,466962527,ANZ,,Bill Jiang,
83921134,AIYING LI,4382,,The silver card,5,22,AU,AU800000,Right,201803,1965-10-04,sisili10@hotmail.com,,,,,4019,Margete,0426006701,83921038,CHUN DE & DAN YUE CHEN & ZHANG,,83921133,AN DONG ZHU,245830563,NAB,,Ailing Li,
83920102,Emma Li,4382,,Platinum card,5,22,AU,AU800000,Right,201801,1989-01-01,jo_lavender1216@hotmail.com,22,,,,2136,Burwood Heights,0433081216,150304197001020545,???,,150304197001020545,???,484828946,ANZ,,ZEHUI LI,
83921119,ALEM DAGNE,4382,,,4,22,AU,AU800000,Right,201711,1992-01-18,alem.dagne@hotmil.com,55,,,,4300,goodna,0401655610,83921114,ARSEMA ASRES,,83921114,ARSEMA ASRES,10340584,commonwealth,,Alem T Dagne,
83921115,TEWODROS CHANE,4382,,,4,22,AU,AU800000,Right,201711,1985-02-21,Takelenega@gmail.com,,,,,4300,bellbird park,0434609834,83921114,ARSEMA ASRES,,83921114,ARSEMA ASRES,603623181,SUNCOP,,tewodros chane,
83921114,ARSEMA ASRES,4382,,The gold card,5,22,AU,AU800000,Right,201711,1985-09-11,ARSEMA_ASRES@YAHOO.COM.AU,,,,,4109,SUNNYBANK HILLS,0468450740,83921113,ALEM ABRHA,,83921113,ALEM ABRHA,126552871,NAB,,ARSEMA ASRES,
83921113,ALEM ABRHA,4382,,The gold card,5,22,AU,AU800000,Right,201711,1980-01-26,alem.abrha@griffithuni.edu.au,8,,,,4109,Sunnybank Hills,0467607522,83921111,ABEL DAMTE,,83921111,ABEL DAMTE,22598930,Bank Of Queensland,,Alem D Abrha,
83921169,Simon Berhe,4382,,,0,22,AU,AU800000,Right,201812,1979-01-01,Simonberhe492@gmail.com,,,,,,,,83920000,Tiens Bio Tech Australia Pty Ltd,,83920000,Tiens Bio Tech Australia Pty Ltd,,,,,
83921168,NARDOS ZERIHUN,4382,,The gold card,5,22,AU,AU800000,Right,201812,1989-02-05,Lemnardi@yahoo.com,35 millennium drive,,,,3020,sunshine west,0412142918,83921165,ERMIAS GEBREMARIAM,,83921165,ERMIAS GEBREMARIAM,10384947,commonwealth bank,,Nardos T zerihun,
83921165,ERMIAS GEBREMARIAM,4382,,The gold card,5,22,AU,AU800000,Right,201811,1980-01-26,ermile23@yahoo.com.au,1/,,,,3020,Sunshine West ,61422247801,83921164,BEREKET SEMERE,,83921164,BEREKET SEMERE,10987760,common wealth bank,,Ermias Gebremariam,
83921155,WEDDY RHAMDENY,4382,,The silver card,5,22,AU,AU800000,Right,201808,1956-04-12,dee2smart@gmail.com,,,,,2196,punchbowl,0433133880,83921038,CHUN DE & DAN YUE CHEN & ZHANG,,83921151,YI KANG KERRY ZHANG,186122638,ANZ,,Weddy Rhamdeny,
83921139,WEIQING CHEN,4382,,The silver card,5,22,AU,AU800000,Right,201805,1966-12-27,weichenau@gmail.com,,,,,4051,ENOGGERA,045526388,83921038,CHUN DE & DAN YUE CHEN & ZHANG,,83921138,JIE YI SHI,827293745,NAB,,weiqing chen,
83921125,DUANYANG LI,4382,,,4,22,AU,AU800000,Right,201801,1972-05-26,liduanyang505@163.com,3,,,,3127,Mont Albert,0410876081,83920102,Emma Li,,83920102,Emma Li,900022334,Bank of China Australia,,DUANYANG LI,
83921117,HERU SANTOS,4382,,,4,22,AU,AU800000,Right,201711,1955-03-15,santosheru.hs@gmail.com,,,,,4209,Upper Coomera,0430056718,83921038,CHUN DE & DAN YUE CHEN & ZHANG,,83921072,MARIA ESTELITA B BENOBO,127237662,NAB,,Heru Santos,
83921104,MARIA BENXIA WU,4382,,Platinum card,5,22,AU,AU800000,Right,201710,1954-08-04,mariawu19540804@gmail.com,,,,,2050,Camperdown ,0415956011,83921059,MARIA BENXIA WU,,83921059,MARIA BENXIA WU,10529098,,,Maria B wu,
83921102,DEAN HANGYU,4382,,The silver card,5,22,AU,AU800000,Right,201710,1989-07-07,Dr5anhy@gmail.com,1006,,,,2000,Sydney,0425799839,83921103,MARIA BENXIA WU,,83921103,MARIA BENXIA WU,7273773738182,,,Jdjsj jsjjs,
83921088,VITHURAN KUMARAVEL MUTHUKUMARASAMY,4382,,,4,22,AU,AU800000,Right,201710,1978-06-16,vithuran16@gmail.com,1,,,,2114,Westryde, 61422065637,83921040,VITHURAN KUMARAVEL MUTHUKUMARASAMY,,83921086,SELLIAH YOGESWARAN,10388179,Common Wealth Bank,,Vithuran and Hemashini,
83921086,SELLIAH YOGESWARAN,4382,,,4,22,AU,AU800000,Right,201710,1956-06-23,ssyogewaran@gmail.com,309,,,,2135,2135,61416959213,83921085,SUDHA SATHASIVAM,,83921085,SUDHA SATHASIVAM,3031-63958,ANZ Bank,,Yogeswaran Selliah,
83921080,SUSAN KURIAN,4382,,,4,22,AU,AU800000,Right,201710,1980-01-26,kuriansusan82@yahoo.com.au,1,,,,2140,Homebush,0426412935,83921079,SUSAN KURIAN,,83921079,SUSAN KURIAN,486619911,StGeorge Bank,,Susan Kurian,
83921073,THEVARU SREEDHARAN,4382,,,4,22,AU,AU800000,Right,201709,1950-12-09,gcrlifestyle@gmail.com,20,,,,2136,enfield, 61411885909,83921014,THEVARU SREEDHARAN,,83921014,THEVARU SREEDHARAN,696008444,NAB,,Thevaru Sreedharan,
83921069,SELVAGUNESWARY SHANMUGARAJAH,4382,,,4,22,AU,AU800000,Right,201709,1951-03-15,shanmuga03@hotmail.com,1,,,,2140,Homebush, 61466117611,83921056,SELVAGUNESWARY SHANMUGARAJAH,,83921056,SELVAGUNESWARY SHANMUGARAJAH,512864,Wespac,,Shanmugarajah,
83921066,KALSANG WANGMO,4382,,,4,22,AU,AU800000,Right,201709,1994-02-01,kalsangwangmo1961@gmail.com,3,,,,4005,NEW FARM,0497260140,83921038,CHUN DE & DAN YUE CHEN & ZHANG,,83921065,SILVIA MARLENE RODRIGUEZ GRIJALVA,10328677,CBA,,kalsang Wangmo,
83921063,SHANMUGARAJAH GANAPATHYPILLAI,4382,,,4,22,AU,AU800000,Right,201709,1948-01-31,Makecoin15@gmail.com,1,,,,2140,Homebush ,0426402752,83921009,SHANMUGARAJAH GANAPATHYPILLAI,,83921009,SHANMUGARAJAH GANAPATHYPILLAI,512864,Westpac,,Shanmugarajah GANAPATHYPILLAI,
83921052,PATHMANATHAN RAMA,4382,,,4,22,AU,AU800000,Right,201709,1972-05-23,mkavipat@gmail.com.au,,,,,2145,Pendle Hill,0431011185,83921017,KAVITHA MUNIAN,,83921017,KAVITHA MUNIAN,63-631-2480,Nasional Bank,,Pathmanathan Rama,
83921051,JAYAKUMARAN KANAGASURIYAR,4382,,,4,22,AU,AU800000,Right,201709,1951-07-14,jugl23@yahoo.co.uk,,,,,2170,2170,0435139079,83921040,VITHURAN KUMARAVEL MUTHUKUMARASAMY,,83921040,VITHURAN KUMARAVEL MUTHUKUMARASAMY,439987462,Stgeorge bank,,Jayakumaran Kanagasuriyar,
83921050,YIHUI LU,4382,,,4,22,AU,AU800000,Right,201709,1961-12-13,yihuilu13@hotmail.com,,,,,4069,Brisbane,0418368797,83921038,CHUN DE & DAN YUE CHEN & ZHANG,,83921048,HAI YIN HUANG,10049731,CBA,,xin pan and yihui lu,
83921036,WEDDY RHAMDENY,4382,,,4,22,AU,AU800000,Right,201708,1956-03-12,weddy01@hotmail.com,,,,,2196,Punchbowl,0433133880,83900003,Indofast International,,83900003,Indofast International,186122638,ANZ Bank,,ANZ Bank,
83921034,JEGARUBAN YOGANATHAN,4382,,The silver card,5,22,AU,AU800000,Right,201708,1984-07-28,jegan28@yahoo.com,,,,,2148,blacktown,0470771533,83921006,SELVI RANJAN,,83921006,SELVI RANJAN,509850,westpac,,yoganathan jegaruban,
83921026,SHIVANI GUPTA,4382,,,4,22,AU,AU800000,Right,201708,1987-09-27,shivanigupta9@yahoo.com,A,,,,3064,Craigieburn, 61452197397,83921025,GAUTAM GARG,,83921025,GAUTAM GARG,10476120,CBA,,CBA,
83921022,ALMA KERR,4382,,The gold card,5,22,AU,AU800000,Right,201708,1997-08-03,alma_kerr@hotmail.com,,,,,3059,Greenvale,0415810416,83920100,Grace Zhou,,83920100,Grace Zhou,164791550,Suncorp-Metway Limited,,Alma Mahawan Kerr,
83921020,NIANYU ZHANG,4382,,Platinum card,5,22,AU,AU800000,Right,201708,1994-11-01,947291178@qq.com,709,,,,3000,Melbourne,0416395456,83921018,ZHUOLUN LI,,83921018,ZHUOLUN LI,827268,Westpac,,Savings,
83921012,GAUTAM GARG,4382,,Platinum card,6,22,AU,AU800000,Right,201708,1983-09-20,ggarg83@gmail.com,,,,,3064,Craigieburn ,0433897397,83921006,SELVI RANJAN,,83921006,SELVI RANJAN,10877147,CBA,,Gautam Garg,
83921009,SHANMUGARAJAH GANAPATHYPILLAI,4382,,The gold card,8,22,AU,AU800000,Right,201707,1948-01-31,aumsakthy@yahoo.com.au,1,,,,2140,Homebush,0426402752,83921008,ARUM THEAGESAN,,83921014,THEVARU SREEDHARAN,512864,Westpac,,S.Ganapathypillai,
83921008,ARUM THEAGESAN,4382,,The gold card,8,22,AU,AU800000,Right,201707,1947-04-25,atheagesan@gmail.com,,,,,2199,Yagoona,0417001006,83921005,BALASINGHAM PRABHAKHARAN,,83921005,BALASINGHAM PRABHAKHARAN,10071380,CBA,,Arum Thegesan,
83921005,BALASINGHAM PRABHAKHARAN,4382,,Platinum card,8,22,AU,AU800000,Right,201707,1962-10-15,inbathamil@gmail.com,10/34-36 marlbourigh street,,,,2140,Ashfield ,0425324953,83921000,MURUGESAN PALANISWAMIPILLAI,,83921000,MURUGESAN PALANISWAMIPILLAI,10347900,Commonwealth bank,,Commonwealth bank,
83921016,JATINDER DHARNI,4382,,,4,22,AU,AU800000,Right,201708,1995-08-20,jatinder_95@hotmail.com,,,,,3750,Epping,0412809914,83921012,GAUTAM GARG,,83921015,GURNEET SINGH KOCHHAR,693096,Westpac,,Jatinder  S Dharni,
83921099,MENGJIE ZHENG,4382,,,4,22,AU,AU800000,Right,201710,1991-05-01,171465730@qq.com,311,,,,2017,Zetland,0451618629,83921103,MARIA BENXIA WU,,83921103,MARIA BENXIA WU,10608490,commonwealth,,Mengjie Zheng,
83921093,HASAN MOHAMED,4382,,,4,22,AU,AU800000,Right,201710,1994-03-23,hasanhayat20@gmail.com,,,,,4114,Woodridge, 61432608826,83921084,HENOK ALE,,83921084,HENOK ALE,10342521,commonwealth,,Hasan,
83921089,NATHAN SIVAM,4382,,,4,22,AU,AU800000,Right,201710,1960-02-08,nathan_sivam@ymail.com,,,,,2135,Strathfield, 61423210135,83921086,SELLIAH YOGESWARAN,,83921086,SELLIAH YOGESWARAN,0656,ANZ Bank,,Nathan Sivam,
83921083,ASEMLASH MULAW,4382,,The gold card,5,22,AU,AU800000,Right,201710,1989-06-23,aronbma2@gmail.com,,,,,4104,Yeronga , 61424154828,82670060,ASEMLASH BEYENE MULAW,,82670060,ASEMLASH BEYENE MULAW,410674374,ANZ,,Asemlash Beyene Mulaw,
83921082,ASEMLASH MULAW,4382,,The gold card,5,22,AU,AU800000,Right,201710,1989-06-23,aronbma1@gmail.com,,,,,4104,YERONGA , 61424154828,82670060,ASEMLASH BEYENE MULAW,,82670060,ASEMLASH BEYENE MULAW,410674374,,,Asemlash Beyene Mulaw,
83921077,WEI ZHANG,4382,,The gold card,5,22,AU,AU800000,Right,201710,1988-09-12,zhangweizeable@gmail.com,2007,,,,3000,Melbourne,0449520912,83921078,ZHUOLUN LI,,83921078,ZHUOLUN LI,520542,,,Wei Zhang,
83921070,MARIANNE WONG,4382,,Platinum card,5,22,AU,AU800000,Right,201709,1958-02-05,madcorne@yahoo.com.au,,,,,2074,Turramurra,0410345670,83921033,YE YANG,,83921061,YE YANG,525548,Westpac,,Marianne Wong,
83921067,KANAGALINGESWARY THANAPALASUNDARAM,4382,,The silver card,5,22,AU,AU800000,Right,201709,1962-12-03,Kanagaling01@gmail.com,,,,,2141,Lidcombe ,0432111396,83921010,NAGAMANY SIVAGURU THANAPALASUNTHERAM,,83921056,SELVAGUNESWARY SHANMUGARAJAH,731 053,Westpac,,N&k Thanapalasundaram,
83921061,YE YANG,4382,,The gold card,5,22,AU,AU800000,Right,201709,1957-11-08,yagyetiens@gmail.com,6,,,,2160,Merrylands,0426815848,83921033,YE YANG,,83921033,YE YANG,732319084,NAB,,Ye Yang,
83921060,ANNIE UPTON,4382,,,4,22,AU,AU800000,Right,201709,1969-05-01,megarezkiful@gmail.com,18,,,,4007,Brisbane,0468327382,83921038,CHUN DE & DAN YUE CHEN & ZHANG,,83921057,RONG QIN CAI,838698,Wespac,,Annie Upton,
83921059,MARIA BENXIA WU,4382,,Platinum card,5,22,AU,AU800000,Right,201709,1954-08-04,benxia_wu@yahoo.com.au,,,,,2050,Camperdown,0415956011,83921018,ZHUOLUN LI,,83921018,ZHUOLUN LI,10529098,Commonwealth Bank,,Maria  Bensxia Wu,
83921048,HAI YIN HUANG,4382,,,4,22,AU,AU800000,Right,201709,1961-01-04,hhy001_8@hotmail.com,26,,,,4034,bRISBANE,0417668838,83921038,CHUN DE & DAN YUE CHEN & ZHANG,,83921047,NING YANG,554176577,ANZ,,Hai Yin Huang,
83921040,VITHURAN KUMARAVEL MUTHUKUMARASAMY,4382,,,4,22,AU,AU800000,Right,201709,1978-06-16,mvithuran@yahoo.com,1,,,,2114,Westryde,0422065637,83921009,SHANMUGARAJAH GANAPATHYPILLAI,,83921036,WEDDY RHAMDENY,10388179,COmmonwealth Bank,,Muthukumarasamy Vithuran kumaravel and hemashini,
83921038,CHUN DE & DAN YUE CHEN & ZHANG,4382,,Platinum card,7,22,AU,AU800000,Right,201708,1954-03-22,tiensjeffrey@yahoo.com.au,,,,,4077,Doolandella,0431274975,83921019,JICHUAN HE,,83921019,JICHUAN HE,813340141,Nab,,D & J international trading,
83921033,YE YANG,4382,,Platinum card,8,22,AU,AU800000,Right,201708,1957-11-08,Yangalena12345@gmail.com,6,,,,2160,Merrylands,0426815848,83921005,BALASINGHAM PRABHAKHARAN,,83921010,NAGAMANY SIVAGURU THANAPALASUNTHERAM,732319084,Nab,,Ye Yang,
83921031,ROHIT KALIA,4382,,,4,22,AU,AU800000,Right,201708,1983-01-23,rohitacquarian@gmail.com,,,,,3076,epping, 61421949730,83921030,GAUTAM NANDA,,83921030,GAUTAM NANDA,10191240,cba,,rohit kalia,
83921030,GAUTAM NANDA,4382,,,4,22,AU,AU800000,Right,201708,1975-08-15,gautam_anu@hotmail.com,,,,,3064,Craigieburn, 61433163672,83921027,SHIVANI GUPTA,,83921027,SHIVANI GUPTA,286888737,anz,,gautam nanda,
83921027,SHIVANI GUPTA,4382,,,4,22,AU,AU800000,Right,201708,1987-09-27,shivanigupta@outlook.com.au,A,,,,3064,Craigieburn, 61452197397,83921026,SHIVANI GUPTA,,83921026,SHIVANI GUPTA,10476120,CBA,,shivani gupta,
83921023,SOPENA JOVIELYN VELASQUEZ,4382,,The silver card,5,22,AU,AU800000,Right,201708,1979-10-27,jovielyn.sopena@gmail.com,,,,,3059,Greenvale,0405868506,83921022,ALMA KERR,,83921022,ALMA KERR,145967546,National Australia Bank Limited,,Sopena Jovielyn Velasquez,
83921014,THEVARU SREEDHARAN,4382,,The silver card,8,22,AU,AU800000,Right,201708,1950-12-09,sreeint@gmail.com,20,,,,2136,Enfield, 61411885909,83921008,ARUM THEAGESAN,,83921008,ARUM THEAGESAN,686008444,NAB,,Thevaru Sreedharan,
83921013,SURESHKUMAR GANESHALINGAM,4382,,,4,22,AU,AU800000,Right,201708,1984-07-05,muru532@yahoo.com,,,,,3175,Dandenong,0449043579,83921005,BALASINGHAM PRABHAKHARAN,,83921012,GAUTAM GARG,10864512,Common wealth bank,,Sureshkumar ganeshalingam,
83921101,DEAN HANGYU,4382,,The silver card,5,22,AU,AU800000,Right,201710,1989-07-15,Dr5anhy@yahoo.com,1006,,,,2000,Sydney,0425799839,83921103,MARIA BENXIA WU,,83921103,MARIA BENXIA WU,288872772727,,,Hjsjsjsh jdj,
83921100,DEAN HANGYU,4382,,Platinum card,5,22,AU,AU800000,Right,201710,1989-07-15,Dr5anhy@hotmail.com,1006,,,,2000,Sydney,0425799839,83921103,MARIA BENXIA WU,,83921103,MARIA BENXIA WU,7272727277272727,,,john Smith,
83921098,XIAO FENG LUO,4382,,,4,22,AU,AU800000,Right,201710,1959-01-20,xiaofengluo@live.com,,,,,2035,Mariubra,0411754938,83921103,MARIA BENXIA WU,,83921103,MARIA BENXIA WU,12345678,ANB,,Xiao Feng,
83921097,SEBY PAYYAPPILLY,4382,,,4,22,AU,AU800000,Right,201710,1977-05-30,sebypayyapilly@yahoo.com,1,,,,2140,Homebush,61450280782,83921063,SHANMUGARAJAH GANAPATHYPILLAI,,83921063,SHANMUGARAJAH GANAPATHYPILLAI,11214507,Commonwealth Bank,,Seby payyappilly,
83921096,SUDHA SATHASIVAM,4382,,,4,22,AU,AU800000,Right,201710,1998-12-17,sudhatiens@yahoo.com,,,,,2148,BlackTown,61408426066,83921085,SUDHA SATHASIVAM,,83921095,SUDHA SATHASIVAM,22621202,Wespac bank,,Sudha sathasivam,
83921095,SUDHA SATHASIVAM,4382,,,4,22,AU,AU800000,Right,201710,1998-12-17,tienssudha@Yahoo.com,,,,,2148,BlackTown,61408426066,83921085,SUDHA SATHASIVAM,,83921085,SUDHA SATHASIVAM,719814,Wespac bank,,Sathasivam Sudha,
83921094,EMANUEL TEGEGN,4382,,,4,22,AU,AU800000,Right,201710,1995-03-14,emman_4777@outlook.com,,,,,3074,Thomastown, 61431243132,83921084,HENOK ALE,,83921084,HENOK ALE,10346418,commonwealth,,Emanuel S Tegegn,
83921090,SELVAGUNESWARY SHANMUGARAJAH,4382,,,4,22,AU,AU800000,Right,201710,1951-03-15,tiens.selva@gmail.com,1,,,,2140,strathfield, 61466117611,83921056,SELVAGUNESWARY SHANMUGARAJAH,,83921056,SELVAGUNESWARY SHANMUGARAJAH,512864,Wespac bank,,Shanmugarajah Ganapathypillai,
83921087,THAYANITHY YOGESWARAN,4382,,,4,22,AU,AU800000,Right,201710,1958-04-14,selliahyogeswaran@yahoo.co.uk,309,,,,2135,2135,61416959213,83921086,SELLIAH YOGESWARAN,,83921086,SELLIAH YOGESWARAN,3031-63958,ANZ Bank,,Yogeswaran Selliah,
83921085,SUDHA SATHASIVAM,4382,,,4,22,AU,AU800000,Right,201710,1998-12-17,sathasivam.sudha@yahoo.com,,,,,2148,Blacktown,61408426066,83921051,JAYAKUMARAN KANAGASURIYAR,,83921051,JAYAKUMARAN KANAGASURIYAR,719814,Wespac bank,,Sudha sathasivam,
83921084,HENOK ALE,4382,,,4,22,AU,AU800000,Right,201710,1992-11-15,henibillz@gmail.com,,,,,3028,Laverton, 61402301522,83921082,ASEMLASH MULAW,,83921082,ASEMLASH MULAW,243006271,NAB,,Henok Ale,
83921079,SUSAN KURIAN,4382,,,4,22,AU,AU800000,Right,201710,1980-01-26,susankurian80@gmail.com,1,,,,2140,Strathfield,61426412935,83921055,HEMASHINI VITHURAN KUMARAVEL,,83921055,HEMASHINI VITHURAN KUMARAVEL,486619911,stgeorge,,susan Kurian,
83921075,DANIEL CORNE,4382,,The gold card,5,22,AU,AU800000,Right,201709,1957-03-19,mwmw_28@yahoo.com.au,,,,,2074,Turramurra,0401708126,83921070,MARIANNE WONG,,83921070,MARIANNE WONG,510248,Westpac,,Daniel P P Corne,
83921062,YE YANG,4382,,The gold card,5,22,AU,AU800000,Right,201709,1957-11-08,yangyetiens2@gmail.com,6,,,,2160,Merrylands,0426815848,83921033,YE YANG,,83921033,YE YANG,732319084,NAB,,Ye Yang,
83921056,SELVAGUNESWARY SHANMUGARAJAH,4382,,The silver card,5,22,AU,AU800000,Right,201709,1951-03-15,organokope@gmail.com,1,,,,2140,Strathfield,0466117611,83921010,NAGAMANY SIVAGURU THANAPALASUNTHERAM,,83921010,NAGAMANY SIVAGURU THANAPALASUNTHERAM,512864,Westpac bank,,shanmugarajah,
83921049,LING GASCOYNE,4382,,Platinum card,5,22,AU,AU800000,Right,201709,1958-06-14,linggascoyne@hotmail.com,18,,,,2612,Braddon,0412828188,83921018,ZHUOLUN LI,,83921018,ZHUOLUN LI,234299578,National Australia Bank,,L GASCOYNE,
83921046,GEORGE QI OUYANG,4382,,Platinum card,7,22,AU,AU800000,Right,201709,1985-12-07,danny.zhang@yong.com.au,,,,,4077,BRISBANE,0434627678,83921038,CHUN DE & DAN YUE CHEN & ZHANG,,83921038,CHUN DE & DAN YUE CHEN & ZHANG,494632,WESTPAC,,George Qi Ouyang,
83921043,PAKKIIYARASHA SUSIKARAN,4382,,,4,22,AU,AU800000,Right,201709,1982-01-31,Susikarankenu@gmail.com,,,,,2146,Toongabbi ,0409353418,83921034,JEGARUBAN YOGANATHAN,,83921034,JEGARUBAN YOGANATHAN,301462444,Anz,,Susikaran Pakkiyarasha,
83921042,CHANDRAKUMAR FERNANDO,4382,,,4,22,AU,AU800000,Right,201709,1972-04-23,chandrakumar818@gmail.com,,,,,3175,DANDENONG,0470682614,83921035,SAIPRASHANTHAN CANDIAH,,83921035,SAIPRASHANTHAN CANDIAH,461619906,ANZ AUSTRALIA,,CHANDRAKUMAR FERNANDO,
83921029,GAUTAM GARG,4382,,The gold card,5,22,AU,AU800000,Right,201708,1983-09-20,gautamggarg@yahoo.com,A,,,,3064,Craigieburn, 61 433 897 397,83921012,GAUTAM GARG,,83921013,SURESHKUMAR GANESHALINGAM,10877147,CBA,,gautam garg,
83921019,JICHUAN HE,4382,,The gold card,5,22,AU,AU800000,Right,201708,1990-06-22,396580755@qq.com,,,,,4209,Coomera,0450580622,83921018,ZHUOLUN LI,,83921018,ZHUOLUN LI,211131297,ANZ,,Jichuan He,
83921017,KAVITHA MUNIAN,4382,,The gold card,5,22,AU,AU800000,Right,201708,1976-11-11,mkavipat@yahoo.com.au,,,,,2145,sydney,0431011185,83921009,SHANMUGARAJAH GANAPATHYPILLAI,,83921009,SHANMUGARAJAH GANAPATHYPILLAI,636312480,National Bank,,National Bank,
83921024,JAMIE BENG LOON TAN,4382,,,4,22,AU,AU800000,Right,201708,1997-08-03,j399891@hotmail.com,,,,,3059,Greenvale,0406242714,83920100,Grace Zhou,,83920100,Grace Zhou,12345678,TOBEUPDATE,,To be updated,
83921081,SUSAN KURIAN,4382,,,4,22,AU,AU800000,Right,201710,1980-01-26,gcr_coin@outlook.com,1,,,,2140,Homebush,0426412935,83921079,SUSAN KURIAN,,83921079,SUSAN KURIAN,486619911,STgeorge Bank,,Susan Kurian,
83921072,MARIA ESTELITA B BENOBO,4382,,,4,22,AU,AU800000,Right,201709,1965-09-10,mariabenobo13@gmail.com,,,,,4053,Mitchelton,0414326120,83921038,CHUN DE & DAN YUE CHEN & ZHANG,,83921066,KALSANG WANGMO,10189580,CBA,,Maria Estelita B Benobo,
83921065,SILVIA MARLENE RODRIGUEZ GRIJALVA,4382,,,4,22,AU,AU800000,Right,201709,1972-03-31,silvia_graciosa22@live.com.au,8,,,,4133,waterford West,0422259960,83921038,CHUN DE & DAN YUE CHEN & ZHANG,,83921060,ANNIE UPTON,6862345,CBA,,Silvia marlene Rodriguez grijalva,
83921057,RONG QIN CAI,4382,,,4,22,AU,AU800000,Right,201709,1964-12-23,rongqincai@hotmail.com,3,,,,3135,Ringwood East,0421399023,83921038,CHUN DE & DAN YUE CHEN & ZHANG,,83921046,GEORGE QI OUYANG,573485068,ANZ,,Ron Qin Cai,
83921054,CHANDRAVATHANA RAGAVAN,4382,,,4,22,AU,AU800000,Right,201709,1975-07-12,chandraragavan@gmail.com,7,,,,2140,Homebush,0461933991,83921053,RAGAVAN KUMARASAMY,,83921053,RAGAVAN KUMARASAMY,10098305,Commonwealth Bank,,Ragavanand chandravathana,
83921053,RAGAVAN KUMARASAMY,4382,,,4,22,AU,AU800000,Right,201709,1963-09-09,kumrag@gmail.com,7,,,,2140,2135,0433637051,83921017,KAVITHA MUNIAN,,83921017,KAVITHA MUNIAN,10098305,Common wealth Bank,,Ragavan and chandravathana,
83921047,NING YANG,4382,,,4,22,AU,AU800000,Right,201709,1971-11-09,ninayang349@hotmail.com,U9,,,,4019,Brisbane,0408778308,83921038,CHUN DE & DAN YUE CHEN & ZHANG,,83921045,JINLING HU,075252412,HSBC,,Ning Yang,
83921045,JINLING HU,4382,,,4,22,AU,AU800000,Right,201709,1960-05-18,jinlinghu@gmail.com,,,,,4077,BRISBANE,0402389506,83921038,CHUN DE & DAN YUE CHEN & ZHANG,,83921044,YAN HONG,10784740,CBA,,jinling hu,
83921044,YAN HONG,4382,,The gold card,5,22,AU,AU800000,Right,201709,1974-03-15,raindream@outlook.com,28,,,,4215,Labrador,0413226880,83921038,CHUN DE & DAN YUE CHEN & ZHANG,,83921038,CHUN DE & DAN YUE CHEN & ZHANG,736385,Westpac,,Bo Feng & Yan Hong,
83921041,QING QING LIANG,4382,,The silver card,5,22,AU,AU800000,Right,201709,1963-09-25,qqing_liang@hotmail.com,,,,,3133,Vermont South,0433155877,83921018,ZHUOLUN LI,,83921018,ZHUOLUN LI,891696,Westpac,,Qing Qing Liang,
83921039,NIJAMALI JAYAWARDENA,4382,,,4,22,AU,AU800000,Right,201708,1966-06-02,upama123@hotmail.com,,,,,6109,Madington, 61425552242,83921014,THEVARU SREEDHARAN,,83921036,WEDDY RHAMDENY,532474792,ANZ,,Nijamali Jayawardena,
83921037,THARSHANA AINGARAN,4382,,The silver card,5,22,AU,AU800000,Right,201708,1989-06-15,Hasnehan30@gmail.com,,,,,3175,Dandenong North,0422047548,83921035,SAIPRASHANTHAN CANDIAH,,83921035,SAIPRASHANTHAN CANDIAH,290115307,ANZ,,Mrs Tharshana Aingaran,
83921035,SAIPRASHANTHAN CANDIAH,4382,,The silver card,5,22,AU,AU800000,Right,201708,1984-05-30,Spshanthan@yahoo.com,,,,,3175,Dandenong ,0422860375,83921034,JEGARUBAN YOGANATHAN,,83921034,JEGARUBAN YOGANATHAN,195702343,ANZ,,SAIPRASHANTHAN CANDIAH,
83921032,BISSA MANOJ KUMAR,4382,,,4,22,AU,AU800000,Right,201708,1988-08-14,manojviss@gmail.com,,,,,3072,Preston, 61451389980,83921031,ROHIT KALIA,,83921031,ROHIT KALIA,10942400,,,Bissa Manoj Kumar,
83921025,GAUTAM GARG,4382,,The gold card,5,22,AU,AU800000,Right,201708,1983-09-20,gautamgarg@outlook.com.au,A,,,,3064,Craigieburn, 61 433 897 397,83921012,GAUTAM GARG,,83921016,JATINDER DHARNI,10877147,CBA,,gautam garg,
83920100,Grace Zhou,4382,,Platinum card,5,22,AU,AU800000,Right,201708,1990-01-01,zhouyany@gmail.com,"9 Aberdeen Ave, Greenvale VIC 3059",,,,3059,Melbourne,0406242714,230103194610104217,??,,230103194610104217,??,413864309,Bank of Melbourne,,ZHOU YANYAN,
83921018,ZHUOLUN LI,4382,,Platinum card,6,22,AU,AU800000,Right,201708,1990-08-20,zhuolunli820@gmail.com,,,,,3076,Epping,0401750652,85303602,???,,85303602,???,11208692,Commonwealth Bank of Australia,,Commonwealth Bank of Australia,
83921015,GURNEET SINGH KOCHHAR,4382,,,4,22,AU,AU800000,Right,201708,1982-08-14,gurneetid@gmail.com,1,,,,3169,Clayton south,0477764259,83921012,GAUTAM GARG,,83921012,GAUTAM GARG,11057685,CBA,,Gurneet singh,
83921011,GUOPING XU,4382,,,4,22,AU,AU800000,Right,201708,1973-10-02,guopingxu1998@yahoo.com,101,,,,8888,Tiens Town,0467741379,83920000,Tiens Bio Tech Australia Pty Ltd,,83920000,Tiens Bio Tech Australia Pty Ltd,11010495,CBA,,Guoping Xu,
83921000,MURUGESAN PALANISWAMIPILLAI,4382,,Platinum card,6,22,AU,AU800000,Right,201707,1940-07-08,mrpillai1940@gmail.com,,,,,2162,Chester Hill,0450597145,73187644,Failure of renewal,,73187644,Failure of renewal,143979711,National Australia Bank Limited,,Murugesan Palaniswamipillai,
83921006,SELVI RANJAN,4382,,The silver card,6,22,AU,AU800000,Right,201707,1974-04-06,Selviranjan@gmail.com,,,,,2145,Westmead,0451519577,83921005,BALASINGHAM PRABHAKHARAN,,83921005,BALASINGHAM PRABHAKHARAN,10259839,Commonwealth,,Commonwealth,
83921112,MOHAMED AHMED,4382,,,4,22,AU,AU800000,Right,201710,1995-12-11,sadu991@gmail.com,16,,,,4076,Darra,0435822011,83921110,SEBRI MOHAMED,,83921110,SEBRI MOHAMED,785417,Westpac,,Mohamed Ahmed,
83921111,ABEL DAMTE,4382,,The gold card,5,22,AU,AU800000,Right,201710,1971-11-24,mekliteabel@gmail.com,301,,,,3008,Docklands,0455551852,83921082,ASEMLASH MULAW,,83921082,ASEMLASH MULAW, 215786231,ANZ,,Abel Damte,
83921110,SEBRI MOHAMED,4382,,The silver card,5,22,AU,AU800000,Right,201710,1999-01-17,sebrimohammed229@gmail.com,8,,,,4114,Woodridge,0452466059,83921093,HASAN MOHAMED,,83921093,HASAN MOHAMED,880002,Westpac,,Sebri Mohamed,
83921109,YASOTHARABHARATHY SINGARAYAR,4382,,,4,22,AU,AU800000,Right,201710,1968-07-11,yasothasingh@gmail.com,,,,,2140,Homebush west, 61406165043,83921074,THEVARU SREEDHARAN,,83921074,THEVARU SREEDHARAN,10161883,Commonwealth Bank,,YasotharaBharathy Singarayar,
83921107,AKUCH ATER AWIL,4382,,,4,22,AU,AU800000,Right,201710,1995-03-13,kuchyater@hotmail.com,1,,,,4012,wavell height, 61421546043,83921083,ASEMLASH MULAW,,83921083,ASEMLASH MULAW,10466354,commonwealth bank,,Akuch Ater Awil,
83921106,WEI ZHANG,4382,,,4,22,AU,AU800000,Right,201710,1988-09-12,weizhangnick@gmail.com,2007,,,,3000,Melbourne ,0449520912,83921077,WEI ZHANG,,83921077,WEI ZHANG,520542,Westpac Bank,,WEI ZHANG,
83921105,SUSILA MURUGESAN,4382,,,4,22,AU,AU800000,Right,201710,1949-11-25,susilamurugesan@yahoo.com.au,,,,,2162,Chester hill,0450594282,83921000,MURUGESAN PALANISWAMIPILLAI,,83921000,MURUGESAN PALANISWAMIPILLAI,143186068,NAB   National Australia Bank limited,,Murugesan,
83921103,MARIA BENXIA WU,4382,,Platinum card,5,22,AU,AU800000,Right,201710,1954-08-04,mariatcmclinic@gmail.com,,,,,2050,Camperdown ,0415956011,83921059,MARIA BENXIA WU,,83921059,MARIA BENXIA WU,10529098,Commonwealth Bank,,Maria Benxia Wu,
83921092,SAMUEL REDA,4382,,,4,22,AU,AU800000,Right,201710,1993-04-27,samuelreda@hotmail.com,,,,,4077,richlands,0431143731,83921082,ASEMLASH MULAW,,83921082,ASEMLASH MULAW,503273836,NATIONAL AUSTRALIA BANK,,samuel teka reda,
83921091,YESHI BOGALE,4382,,,4,22,AU,AU800000,Right,201710,1994-10-20,yeshibogale_4ever@hotmail.com,,,,,3028,LAVERTON,0450613397,83921084,HENOK ALE,,83921084,HENOK ALE,10648133,commonwealth bank,,commonwealth bank,
83921078,ZHUOLUN LI,4382,,,4,22,AU,AU800000,Right,201710,1990-08-20,387768655@qq.com,,,,,3076,Epping,0401750652,83921020,NIANYU ZHANG,,83921020,NIANYU ZHANG,11208692,Commonwealth bank,,ZHUOLUN LI,
83921076,AZNIE BINTI ADAN,4382,,,4,22,AU,AU800000,Right,201710,1996-01-01,aznie.adan11@gmail.com,E111,,,,2140,Homebush West,0402449625,96878629,Failure of renewal,,96878629,Failure of renewal,10187494,CBA,,Aznie Binti Adan,
83921074,THEVARU SREEDHARAN,4382,,,4,22,AU,AU800000,Right,201709,1950-12-09,kallianisree@gmail.com,20,,,,2136,Enfield, 61411885909,83921014,THEVARU SREEDHARAN,,83921063,SHANMUGARAJAH GANAPATHYPILLAI,696008444,nab,,Thevaru  Sreedharan,
83921071,Gary Murphy,4382,Networld Pty Ltd,The gold card,5,22,AU,AU800000,Right,201709,1998-09-25,cellwell@bigpond.com,,,,,2162,Greenacre,0414644120,83921070,MARIANNE WONG,,83921070,MARIANNE WONG,347616234,ANZ,,Networld Pty Ltd,
83921068,ANTONY RAVIKUMAR SILUVAIRAJAH,4382,,,4,22,AU,AU800000,Right,201709,1982-03-28,ravi-2007@live.com,,,,,2147,Seven hills,0416475529,83921008,ARUM THEAGESAN,,83921008,ARUM THEAGESAN,265441,Westpac,,Antony Ravikumar Siluvairajah,
83921064,SHANMUGARAJAH GANAPATHYPILLAI,4382,,,4,22,AU,AU800000,Right,201709,1948-01-31,Mgsraj@outlook.com,1,,,,2140,Homebush ,0426402752,83921009,SHANMUGARAJAH GANAPATHYPILLAI,,83921052,PATHMANATHAN RAMA,513864,Westpac,,Shanmugarajah GANAPATHYPILLAI,
82670060,ASEMLASH BEYENE MULAW,4382,,Platinum card,8,22,AU,AU800000,Right,201011,###############################################################################################################################################################################################################################################################,aronbma@gmail.com,,,,,,,,82693867,ENGIDASEW GIZAW TESHOME,,82693867,ENGIDASEW GIZAW TESHOME,014278410674374,ANZ ,,Asemlash Beyene Mulaw ,
83921058,Stephen Beddoe,4382,,,4,22,AU,AU800000,Right,201709,1997-08-05,stephen@tiens.com,,,,,,,,83920000,Tiens Bio Tech Australia Pty Ltd,,83920000,Tiens Bio Tech Australia Pty Ltd,,,,,
83921055,HEMASHINI VITHURAN KUMARAVEL,4382,,,4,22,AU,AU800000,Right,201709,1980-04-22,hemashinisri@yahoo.com.au,1,,,,2114,Westryde,0412134971,83921040,VITHURAN KUMARAVEL MUTHUKUMARASAMY,,83921040,VITHURAN KUMARAVEL MUTHUKUMARASAMY,10388179,Common Wealth Bank,,Vithuran and Hemashini,
83921028,SHIVANI GUPTA,4382,,,4,22,AU,AU800000,Right,201708,1987-09-27,shivaniggupta@yahoo.com,A,,,,3064,Craigieburn, 61452197397,83921026,SHIVANI GUPTA,,83921026,SHIVANI GUPTA,10476120,CBA,,shivani gupta,
83921021,SAN LIN,4382,,Platinum card,5,22,AU,AU800000,Right,201708,1985-01-01,shining_sansan@hotmail.com,,,,,3026,Laverton North,0401119516,83920100,Grace Zhou,,83920100,Grace Zhou,584065624,NAB,,San Yii Ling,
83920101,Minzhi Gao,4382,,Platinum card,5,22,AU,AU800000,Right,201708,1953-06-04,dllxr@163.com,"67 Milpera Cres, Wantirna",0415954757,,,3152,Melbourne,0415954757,85441261,???,,85441261,???,11391013,CBA,,Minzhi Gao,
83921010,NAGAMANY SIVAGURU THANAPALASUNTHERAM,4382,,The gold card,5,22,AU,AU800000,Right,201707,1953-12-12,thana01@hotmail.com,,,,,2141,Lidcombe,0432111396,83921009,SHANMUGARAJAH GANAPATHYPILLAI,,83921009,SHANMUGARAJAH GANAPATHYPILLAI,731953,Westpac,,N&K Thanapalasuntheram,
83920000,Tiens Bio Tech Australia Pty Ltd,4383,Tiens Bio Tech Australia Pty Ltd,,5,22,AU,AU800000,Right,201707,1995-08-03,customercare.au@tiens.com,Level 8, +61 3 8601 1186 ,,,3000,Melbourne,0467741379,01000001,TIANSHI,,01000001,TIANSHI,234680005,Citibank,Sydney NSW,Citibank,16615066058
83900003,Indofast International,,,,8,22,AU,AU800000,Right,200311,,,,,,,,,,89163050,Failure of renewal,,89163050,Failure of renewal,,,,,
